ID Group,Word
0,during
0,interaction
0,density
0,state
0,observations
0,bacterial
0,multiple
0,sensing
0,silicon
0,local
1,molecular
1,between
1,via
1,cell
1,organic
1,interactions
1,simulation
1,evolution
1,production
1,identification
2,for
2,a
2,as
2,with
2,study
2,energy
2,performance
2,of
2,applications
2,and
3,of
3,on
3,and
3,the
3,in
3,an
3,with
3,effect
3,for
3,synthesis
4,a
4,model
4,in
4,quantum
4,system
4,approach
4,dynamics
4,to
4,polymer
4,active
5,based
5,complex
5,dynamic
5,measurements
5,management
5,prediction
5,improved
5,static
5,natural
5,sensors
6,cells
6,electrochemical
6,nanoparticles
6,surface
6,human
6,oxide
6,through
6,experimental
6,with
6,reaction
7,with
7,at
7,properties
7,control
7,magnetic
7,optical
7,patients
7,spectroscopy
7,graphene
7,framework
8,using
8,asymmetric
8,spatial
8,targeting
8,laser
8,scanning
8,size
8,tomography
8,survey
8,theories
9,of
9,and
9,the
9,in
9,by
9,a
9,to
9,from
9,analysis
9,with
